test00@email.com,password00
test01@email.com,password01
test02@email.com,password02
test03@email.com,password03
test04@email.com,password04
test05@email.com,password05
test06@email.com,password06
test07@email.com,password07
test08@email.com,password08
test09@email.com,password09
test10@email.com,password10
test11@email.com,password11
test12@email.com,password12
test13@email.com,password13
test14@email.com,password14
test15@email.com,password15
test16@email.com,password16
test17@email.com,password17
test18@email.com,password18
test19@email.com,password19
test20@email.com,password20
test21@email.com,password21
test22@email.com,password22
test23@email.com,password23
test24@email.com,password24
test25@email.com,password25
test26@email.com,password26
test27@email.com,password27
test28@email.com,password28
test29@email.com,password29
test30@email.com,password30
test31@email.com,password31
test32@email.com,password32
test33@email.com,password33
test34@email.com,password34
test35@email.com,password35
test36@email.com,password36
test37@email.com,password37
test38@email.com,password38
test39@email.com,password39
test40@email.com,password40
test41@email.com,password41
test42@email.com,password42
test43@email.com,password43
test44@email.com,password44
test45@email.com,password45
test46@email.com,password46
test47@email.com,password47
test48@email.com,password48
test49@email.com,password49
test50@email.com,password50
test51@email.com,password51
test52@email.com,password52
test53@email.com,password53
test54@email.com,password54
test55@email.com,password55
test56@email.com,password56
test57@email.com,password57
test58@email.com,password58
test59@email.com,password59
test60@email.com,password60
test61@email.com,password61
test62@email.com,password62
test63@email.com,password63
test64@email.com,password64
test65@email.com,password65
test66@email.com,password66
test67@email.com,password67
test68@email.com,password68
test69@email.com,password69
test70@email.com,password70
test71@email.com,password71
test72@email.com,password72
test73@email.com,password73
test74@email.com,password74
test75@email.com,password75
test76@email.com,password76
test77@email.com,password77
test78@email.com,password78
test79@email.com,password79
test80@email.com,password80
test81@email.com,password81
test82@email.com,password82
test83@email.com,password83
test84@email.com,password84
test85@email.com,password85
test86@email.com,password86
test87@email.com,password87
test88@email.com,password88
test89@email.com,password89
test90@email.com,password90
test91@email.com,password91
test92@email.com,password92
test93@email.com,password93
test94@email.com,password94
test95@email.com,password95
test96@email.com,password96
test97@email.com,password97
test98@email.com,password98
test99@email.com,password99